id,name,tags,dateAt
1,ghgjg,["tag1","tag2"],2026-05-30 13:14:11,
2,ghgjg,["tag1","tag2"],2026-05-30 13:14:24,
3,ghgjg,["tag1","tag2"],2026-05-30 13:14:25,
4,ghgjg,["tag1","tag2"],2026-05-30 13:14:26,
6,ghgjg,["tag1","tag2"],2026-05-30 13:14:27,
7,ghgjg,["tag1","tag2"],2026-05-30 13:14:27,
8,ghgjg,["tag1","tag2"],2026-05-30 13:14:28,
10,welcome,["greet",""],2026-05-30 17:34:19,
13,feature today,["test2"],2026-05-30 19:00:49,
14,welcome,["hi"],2026-05-31 06:30:13,
15,welcome,["hi"],2026-05-31 06:32:28,
16,welcome,["hi"],2026-05-31 06:38:31,
17,welcome,["hi"],2026-05-31 08:01:52,
18,sdf,["wel",""],2026-05-31 08:49:44,
19,Contrary to popular belief, Lorem Ipsum is not simply random text. It has roots in a piece of classical Latin literature from 45 BC, making it over 2000 years old. Richard McClintock, a Latin professor at Hampden-Sydney College in Virginia, looked up one of the more obscure Latin words, consectetur, from a Lorem Ipsum passage, and going through the cites of the word in classical literature, discovered the undoubtable source. Lorem Ipsum comes from sections 1.10.32 and 1.10.33 of de Finibus Bonorum et Malorum (The Extremes of Good and Evil) by Cicero, written in 45 BC. This book is a treatise on the theory of ethics, very popular during the Renaissance. The first line of Lorem Ipsum, Lorem ipsum dolor sit amet.., comes from a line in section 1.10.32.,["lorem","random"],2026-05-31 08:49:53,
